path,classification,treatment,reason
.gitignore,C,思想のみ参照し新規作成,内容を個別確認し、必要な考え方のみ新製品へ反映
CHANGELOG.md,C,思想のみ参照し新規作成,内容を個別確認し、必要な考え方のみ新製品へ反映
CONTRIBUTING.md,C,思想のみ参照し新規作成,内容を個別確認し、必要な考え方のみ新製品へ反映
FILE_MANIFEST.txt,B,新規記事向けに再設計,基本思想を維持しつつ新規記事ワークフロー・Contractへ再設計
LICENSE,C,思想のみ参照し新規作成,内容を個別確認し、必要な考え方のみ新製品へ反映
MIGRATION_GUIDE_v0.2.0.md,C,思想のみ参照し新規作成,運用思想・検証方法を参考にし、新製品専用として新規作成
MIGRATION_GUIDE_v0.2.0_FINAL.md,C,思想のみ参照し新規作成,運用思想・検証方法を参考にし、新製品専用として新規作成
MIGRATION_GUIDE_v0.2.2.md,C,思想のみ参照し新規作成,運用思想・検証方法を参考にし、新製品専用として新規作成
MIGRATION_GUIDE_v0.2.3.md,C,思想のみ参照し新規作成,運用思想・検証方法を参考にし、新製品専用として新規作成
MIGRATION_GUIDE_v1.0.0.md,C,思想のみ参照し新規作成,運用思想・検証方法を参考にし、新製品専用として新規作成
QUALITY_FREEZE_REPORT_v0.2.0.md,B,新規記事向けに再設計,基本思想を維持しつつ新規記事ワークフロー・Contractへ再設計
README.md,C,思想のみ参照し新規作成,内容を個別確認し、必要な考え方のみ新製品へ反映
RELEASE_ACCEPTANCE_v0.15.3-alpha.1.md,C,思想のみ参照し新規作成,運用思想・検証方法を参考にし、新製品専用として新規作成
RELEASE_ACCEPTANCE_v0.15.4-alpha.1.md,C,思想のみ参照し新規作成,運用思想・検証方法を参考にし、新製品専用として新規作成
RELEASE_ACCEPTANCE_v0.16.0-alpha.1.md,C,思想のみ参照し新規作成,運用思想・検証方法を参考にし、新製品専用として新規作成
RELEASE_NOTES_v0.2.0.md,C,思想のみ参照し新規作成,運用思想・検証方法を参考にし、新製品専用として新規作成
RELEASE_NOTES_v0.2.0_FINAL.md,C,思想のみ参照し新規作成,運用思想・検証方法を参考にし、新製品専用として新規作成
RELEASE_NOTES_v0.2.2_RC_HOTFIX.md,C,思想のみ参照し新規作成,運用思想・検証方法を参考にし、新製品専用として新規作成
RELEASE_NOTES_v0.2.3_VALIDATION_HOTFIX.md,C,思想のみ参照し新規作成,運用思想・検証方法を参考にし、新製品専用として新規作成
RELEASE_NOTES_v1.0.0_BASELINE.md,C,思想のみ参照し新規作成,運用思想・検証方法を参考にし、新製品専用として新規作成
VERSION,C,思想のみ参照し新規作成,内容を個別確認し、必要な考え方のみ新製品へ反映
architecture/domain/domain-model-v1.0.md,C,思想のみ参照し新規作成,内容を個別確認し、必要な考え方のみ新製品へ反映
architecture/repository/repository-architecture-v1.0.md,C,思想のみ参照し新規作成,内容を個別確認し、必要な考え方のみ新製品へ反映
architecture/runtime/runtime-architecture-v1.0.md,B,新規記事向けに再設計,基本思想を維持しつつ新規記事ワークフロー・Contractへ再設計
architecture/runtime/runtime-core-v1.0.md,B,新規記事向けに再設計,基本思想を維持しつつ新規記事ワークフロー・Contractへ再設計
archive/sims-core/README.md,D,不使用・持ち込まない,旧製品履歴・移行資産であり新製品の実行資産には含めない
archive/sims-core/raw/README.md,D,不使用・持ち込まない,旧製品履歴・移行資産であり新製品の実行資産には含めない
archive/sims-core/review/adapt/README.md,D,不使用・持ち込まない,旧製品履歴・移行資産であり新製品の実行資産には含めない
archive/sims-core/review/archive/README.md,D,不使用・持ち込まない,旧製品履歴・移行資産であり新製品の実行資産には含めない
archive/sims-core/review/keep/README.md,D,不使用・持ち込まない,旧製品履歴・移行資産であり新製品の実行資産には含めない
archive/sims-core/review/remove/README.md,D,不使用・持ち込まない,旧製品履歴・移行資産であり新製品の実行資産には含めない
changes/index.yaml,B,新規記事向けに再設計,実装または構造定義を新製品仕様に合わせて再設計
claude/CLAUDE_PROJECT_INSTRUCTIONS.md,C,思想のみ参照し新規作成,内容を個別確認し、必要な考え方のみ新製品へ反映
claude/README.md,C,思想のみ参照し新規作成,内容を個別確認し、必要な考え方のみ新製品へ反映
claude/SETUP_GUIDE.md,C,思想のみ参照し新規作成,内容を個別確認し、必要な考え方のみ新製品へ反映
claude/TEST_CHECKLIST.md,C,思想のみ参照し新規作成,運用思想・検証方法を参考にし、新製品専用として新規作成
claude/examples/EXAMPLE_REQUEST.json,B,新規記事向けに再設計,実装または構造定義を新製品仕様に合わせて再設計
claude/knowledge/SIMS_WRITER_KNOWLEDGE_PACK.md,B,新規記事向けに再設計,基本思想を維持しつつ新規記事ワークフロー・Contractへ再設計
claude/manifest.json,B,新規記事向けに再設計,基本思想を維持しつつ新規記事ワークフロー・Contractへ再設計
claude/templates/IMPROVEMENT_REQUEST_TEMPLATE.json,D,不使用・持ち込まない,SIMS Writerの既存記事改善・GSC診断・保護制御に固有のため不使用
contracts/decision/action-plan/action-plan-contract.md,B,新規記事向けに再設計,基本思想を維持しつつ新規記事ワークフロー・Contractへ再設計
contracts/decision/action-plan/action-plan.schema.json,B,新規記事向けに再設計,基本思想を維持しつつ新規記事ワークフロー・Contractへ再設計
contracts/decision/action-plan/examples/invalid.json,B,新規記事向けに再設計,基本思想を維持しつつ新規記事ワークフロー・Contractへ再設計
contracts/decision/action-plan/examples/valid.json,B,新規記事向けに再設計,基本思想を維持しつつ新規記事ワークフロー・Contractへ再設計
contracts/decision/context/context-contract.md,B,新規記事向けに再設計,基本思想を維持しつつ新規記事ワークフロー・Contractへ再設計
contracts/decision/context/context.schema.json,B,新規記事向けに再設計,基本思想を維持しつつ新規記事ワークフロー・Contractへ再設計
contracts/decision/context/examples/invalid.json,B,新規記事向けに再設計,基本思想を維持しつつ新規記事ワークフロー・Contractへ再設計
contracts/decision/context/examples/valid.json,B,新規記事向けに再設計,基本思想を維持しつつ新規記事ワークフロー・Contractへ再設計
contracts/decision/record/examples/invalid.json,B,新規記事向けに再設計,基本思想を維持しつつ新規記事ワークフロー・Contractへ再設計
contracts/decision/record/examples/valid.json,B,新規記事向けに再設計,基本思想を維持しつつ新規記事ワークフロー・Contractへ再設計
contracts/decision/record/record-contract.md,B,新規記事向けに再設計,基本思想を維持しつつ新規記事ワークフロー・Contractへ再設計
contracts/decision/record/record.schema.json,B,新規記事向けに再設計,基本思想を維持しつつ新規記事ワークフロー・Contractへ再設計
contracts/framework/contract-framework-v1.0.md,B,新規記事向けに再設計,基本思想を維持しつつ新規記事ワークフロー・Contractへ再設計
contracts/framework/output-contract-v1.1.md,B,新規記事向けに再設計,基本思想を維持しつつ新規記事ワークフロー・Contractへ再設計
contracts/framework/publish-quality-contract-v1.0.md,B,新規記事向けに再設計,基本思想を維持しつつ新規記事ワークフロー・Contractへ再設計
contracts/framework/quality-foundation-contract-v1.0.md,B,新規記事向けに再設計,基本思想を維持しつつ新規記事ワークフロー・Contractへ再設計
contracts/framework/sims-feedback-json-contract-v2.0.md,B,新規記事向けに再設計,基本思想を維持しつつ新規記事ワークフロー・Contractへ再設計
contracts/integrations/generic-json-input/generic-json-input/examples/invalid.json,B,新規記事向けに再設計,基本思想を維持しつつ新規記事ワークフロー・Contractへ再設計
contracts/integrations/generic-json-input/generic-json-input/examples/valid.json,B,新規記事向けに再設計,基本思想を維持しつつ新規記事ワークフロー・Contractへ再設計
contracts/integrations/generic-json-input/generic-json-input/generic-json-input-contract.md,B,新規記事向けに再設計,基本思想を維持しつつ新規記事ワークフロー・Contractへ再設計
contracts/integrations/generic-json-input/generic-json-input/generic-json-input.schema.json,B,新規記事向けに再設計,基本思想を維持しつつ新規記事ワークフロー・Contractへ再設計
contracts/integrations/sims-blog-manager-input/sims-blog-manager-input/examples/invalid.json,B,新規記事向けに再設計,基本思想を維持しつつ新規記事ワークフロー・Contractへ再設計
contracts/integrations/sims-blog-manager-input/sims-blog-manager-input/examples/valid.json,B,新規記事向けに再設計,基本思想を維持しつつ新規記事ワークフロー・Contractへ再設計
contracts/integrations/sims-blog-manager-input/sims-blog-manager-input/sims-blog-manager-input-contract.md,B,新規記事向けに再設計,基本思想を維持しつつ新規記事ワークフロー・Contractへ再設計
contracts/integrations/sims-blog-manager-input/sims-blog-manager-input/sims-blog-manager-input.schema.json,B,新規記事向けに再設計,基本思想を維持しつつ新規記事ワークフロー・Contractへ再設計
contracts/json/CONTRACT_CHANGELOG.md,B,新規記事向けに再設計,基本思想を維持しつつ新規記事ワークフロー・Contractへ再設計
contracts/json/JSON_CONTRACT_v2.md,B,新規記事向けに再設計,基本思想を維持しつつ新規記事ワークフロー・Contractへ再設計
contracts/json/SIMS_FEEDBACK_V2.schema.json,B,新規記事向けに再設計,基本思想を維持しつつ新規記事ワークフロー・Contractへ再設計
contracts/knowledge/knowledge-assembly/examples/invalid.json,B,新規記事向けに再設計,基本思想を維持しつつ新規記事ワークフロー・Contractへ再設計
contracts/knowledge/knowledge-assembly/examples/valid.json,B,新規記事向けに再設計,基本思想を維持しつつ新規記事ワークフロー・Contractへ再設計
contracts/knowledge/knowledge-assembly/knowledge-assembly-contract.md,B,新規記事向けに再設計,基本思想を維持しつつ新規記事ワークフロー・Contractへ再設計
contracts/knowledge/knowledge-assembly/knowledge-assembly.schema.json,B,新規記事向けに再設計,基本思想を維持しつつ新規記事ワークフロー・Contractへ再設計
contracts/operations/error/error-contract.md,B,新規記事向けに再設計,基本思想を維持しつつ新規記事ワークフロー・Contractへ再設計
contracts/operations/error/error.schema.json,B,新規記事向けに再設計,基本思想を維持しつつ新規記事ワークフロー・Contractへ再設計
contracts/operations/error/examples/invalid.json,B,新規記事向けに再設計,基本思想を維持しつつ新規記事ワークフロー・Contractへ再設計
contracts/operations/error/examples/valid.json,B,新規記事向けに再設計,基本思想を維持しつつ新規記事ワークフロー・Contractへ再設計
contracts/operations/execution-record/examples/invalid.json,B,新規記事向けに再設計,基本思想を維持しつつ新規記事ワークフロー・Contractへ再設計
contracts/operations/execution-record/examples/valid.json,B,新規記事向けに再設計,基本思想を維持しつつ新規記事ワークフロー・Contractへ再設計
contracts/operations/execution-record/execution-record-contract.md,B,新規記事向けに再設計,基本思想を維持しつつ新規記事ワークフロー・Contractへ再設計
contracts/operations/execution-record/execution-record.schema.json,B,新規記事向けに再設計,基本思想を維持しつつ新規記事ワークフロー・Contractへ再設計
contracts/pattern/pattern-selection/examples/invalid.json,B,新規記事向けに再設計,基本思想を維持しつつ新規記事ワークフロー・Contractへ再設計
contracts/pattern/pattern-selection/examples/valid.json,B,新規記事向けに再設計,基本思想を維持しつつ新規記事ワークフロー・Contractへ再設計
contracts/pattern/pattern-selection/pattern-selection-contract.md,B,新規記事向けに再設計,基本思想を維持しつつ新規記事ワークフロー・Contractへ再設計
contracts/pattern/pattern-selection/pattern-selection.schema.json,B,新規記事向けに再設計,基本思想を維持しつつ新規記事ワークフロー・Contractへ再設計
contracts/planning/content-plan/content-plan-contract.md,B,新規記事向けに再設計,基本思想を維持しつつ新規記事ワークフロー・Contractへ再設計
contracts/planning/content-plan/content-plan.schema.json,B,新規記事向けに再設計,基本思想を維持しつつ新規記事ワークフロー・Contractへ再設計
contracts/planning/content-plan/examples/invalid.json,B,新規記事向けに再設計,基本思想を維持しつつ新規記事ワークフロー・Contractへ再設計
contracts/planning/content-plan/examples/valid.json,B,新規記事向けに再設計,基本思想を維持しつつ新規記事ワークフロー・Contractへ再設計
contracts/production/content-draft/content-draft-contract.md,B,新規記事向けに再設計,基本思想を維持しつつ新規記事ワークフロー・Contractへ再設計
contracts/production/content-draft/content-draft.schema.json,B,新規記事向けに再設計,基本思想を維持しつつ新規記事ワークフロー・Contractへ再設計
contracts/production/content-draft/examples/invalid.json,B,新規記事向けに再設計,基本思想を維持しつつ新規記事ワークフロー・Contractへ再設計
contracts/production/content-draft/examples/valid.json,B,新規記事向けに再設計,基本思想を維持しつつ新規記事ワークフロー・Contractへ再設計
contracts/publication/publication-package/examples/invalid.json,A,複製後に名称・参照のみ調整,新規記事にも直接適用できる汎用品質・事実性・記事構造資産
contracts/publication/publication-package/examples/valid.json,A,複製後に名称・参照のみ調整,新規記事にも直接適用できる汎用品質・事実性・記事構造資産
contracts/publication/publication-package/publication-package-contract.md,A,複製後に名称・参照のみ調整,新規記事にも直接適用できる汎用品質・事実性・記事構造資産
contracts/publication/publication-package/publication-package.schema.json,A,複製後に名称・参照のみ調整,新規記事にも直接適用できる汎用品質・事実性・記事構造資産
contracts/quality/quality-report/examples/invalid.json,B,新規記事向けに再設計,基本思想を維持しつつ新規記事ワークフロー・Contractへ再設計
contracts/quality/quality-report/examples/valid.json,B,新規記事向けに再設計,基本思想を維持しつつ新規記事ワークフロー・Contractへ再設計
contracts/quality/quality-report/quality-report-contract.md,B,新規記事向けに再設計,基本思想を維持しつつ新規記事ワークフロー・Contractへ再設計
contracts/quality/quality-report/quality-report.schema.json,B,新規記事向けに再設計,基本思想を維持しつつ新規記事ワークフロー・Contractへ再設計
contracts/registry/contract-registry.json,B,新規記事向けに再設計,基本思想を維持しつつ新規記事ワークフロー・Contractへ再設計
contracts/request/writing-request/examples/invalid.json,A,複製後に名称・参照のみ調整,新規記事にも直接適用できる汎用品質・事実性・記事構造資産
contracts/request/writing-request/examples/valid.json,A,複製後に名称・参照のみ調整,新規記事にも直接適用できる汎用品質・事実性・記事構造資産
contracts/request/writing-request/writing-request-contract.md,A,複製後に名称・参照のみ調整,新規記事にも直接適用できる汎用品質・事実性・記事構造資産
contracts/request/writing-request/writing-request.schema.json,A,複製後に名称・参照のみ調整,新規記事にも直接適用できる汎用品質・事実性・記事構造資産
contracts/source/source-content/examples/invalid.json,B,新規記事向けに再設計,基本思想を維持しつつ新規記事ワークフロー・Contractへ再設計
contracts/source/source-content/examples/valid.json,B,新規記事向けに再設計,基本思想を維持しつつ新規記事ワークフロー・Contractへ再設計
contracts/source/source-content/source-content-contract.md,B,新規記事向けに再設計,基本思想を維持しつつ新規記事ワークフロー・Contractへ再設計
contracts/source/source-content/source-content.schema.json,B,新規記事向けに再設計,基本思想を維持しつつ新規記事ワークフロー・Contractへ再設計
decision/definitions/evidence/DEC-EVD-001-evidence-verification-decision.yaml,A,複製後に名称・参照のみ調整,新規記事にも直接適用できる汎用品質・事実性・記事構造資産
decision/definitions/faq/DEC-FAQ-001-faq-necessity-decision.yaml,B,新規記事向けに再設計,基本思想を維持しつつ新規記事ワークフロー・Contractへ再設計
decision/definitions/improvement/DEC-IMP-001-change-scope-decision.yaml,D,不使用・持ち込まない,SIMS Writerの既存記事改善・GSC診断・保護制御に固有のため不使用
decision/definitions/improvement/DEC-IMP-002-full-rewrite-necessity-decision.yaml,D,不使用・持ち込まない,SIMS Writerの既存記事改善・GSC診断・保護制御に固有のため不使用
decision/definitions/internal_link/DEC-LNK-001-internal-link-action-decision.yaml,B,新規記事向けに再設計,基本思想を維持しつつ新規記事ワークフロー・Contractへ再設計
decision/definitions/publication/DEC-PUB-001-publication-escalation-decision.yaml,A,複製後に名称・参照のみ調整,新規記事にも直接適用できる汎用品質・事実性・記事構造資産
decision/definitions/scope/DEC-SCP-001-article-scope-decision.yaml,B,新規記事向けに再設計,基本思想を維持しつつ新規記事ワークフロー・Contractへ再設計
decision/definitions/scope/DEC-SEP-001-separate-article-decision.yaml,B,新規記事向けに再設計,基本思想を維持しつつ新規記事ワークフロー・Contractへ再設計
decision/definitions/seo/DEC-SEO-001-title-change-decision.yaml,B,新規記事向けに再設計,基本思想を維持しつつ新規記事ワークフロー・Contractへ再設計
decision/definitions/seo/DEC-SEO-002-h1-change-decision.yaml,B,新規記事向けに再設計,基本思想を維持しつつ新規記事ワークフロー・Contractへ再設計
decision/definitions/structure/DEC-STR-001-introduction-change-decision.yaml,A,複製後に名称・参照のみ調整,新規記事にも直接適用できる汎用品質・事実性・記事構造資産
decision/definitions/structure/DEC-STR-002-heading-reorganization-decision.yaml,A,複製後に名称・参照のみ調整,新規記事にも直接適用できる汎用品質・事実性・記事構造資産
decision/framework/decision-framework-v1.0.md,B,新規記事向けに再設計,基本思想を維持しつつ新規記事ワークフロー・Contractへ再設計
decision/framework/decision-glossary.md,B,新規記事向けに再設計,基本思想を維持しつつ新規記事ワークフロー・Contractへ再設計
decision/policies/conflict-resolution-policy.md,B,新規記事向けに再設計,基本思想を維持しつつ新規記事ワークフロー・Contractへ再設計
decision/policies/decision-selection-policy.md,B,新規記事向けに再設計,基本思想を維持しつつ新規記事ワークフロー・Contractへ再設計
decision/policies/explainability-policy.md,B,新規記事向けに再設計,基本思想を維持しつつ新規記事ワークフロー・Contractへ再設計
decision/policies/no-change-policy.md,B,新規記事向けに再設計,基本思想を維持しつつ新規記事ワークフロー・Contractへ再設計
decision/registry/decision-registry.json,B,新規記事向けに再設計,基本思想を維持しつつ新規記事ワークフロー・Contractへ再設計
decisions/ADR-0001-repository-as-single-source-of-truth.md,B,新規記事向けに再設計,基本思想を維持しつつ新規記事ワークフロー・Contractへ再設計
decisions/ADR-0002-non-engine-centered-architecture.md,B,新規記事向けに再設計,基本思想を維持しつつ新規記事ワークフロー・Contractへ再設計
decisions/ADR-0003-contract-driven-integration.md,B,新規記事向けに再設計,基本思想を維持しつつ新規記事ワークフロー・Contractへ再設計
decisions/ADR-0004-knowledge-first-product-core.md,B,新規記事向けに再設計,基本思想を維持しつつ新規記事ワークフロー・Contractへ再設計
decisions/ADR-0005-quality-by-design.md,B,新規記事向けに再設計,基本思想を維持しつつ新規記事ワークフロー・Contractへ再設計
decisions/ADR-0006-model-independent-core.md,B,新規記事向けに再設計,基本思想を維持しつつ新規記事ワークフロー・Contractへ再設計
decisions/ADR-0007-pattern-library-as-product-asset.md,B,新規記事向けに再設計,基本思想を維持しつつ新規記事ワークフロー・Contractへ再設計
decisions/ADR-0008-golden-dataset-for-regression-quality.md,C,思想のみ参照し新規作成,運用思想・検証方法を参考にし、新製品専用として新規作成
decisions/ADR-0009-decision-layer-between-knowledge-and-pattern.md,B,新規記事向けに再設計,基本思想を維持しつつ新規記事ワークフロー・Contractへ再設計
decisions/ADR-0010-decision-gated-pattern-selection.md,B,新規記事向けに再設計,基本思想を維持しつつ新規記事ワークフロー・Contractへ再設計
decisions/ADR-0011-runtime-core-as-contract-controlled-pipeline.md,B,新規記事向けに再設計,基本思想を維持しつつ新規記事ワークフロー・Contractへ再設計
decisions/ADR-0012-provider-neutral-model-adapter.md,C,思想のみ参照し新規作成,運用思想・検証方法を参考にし、新製品専用として新規作成
decisions/ADR-0013-executable-quality-rules-with-explicit-unverifiable-state.md,B,新規記事向けに再設計,基本思想を維持しつつ新規記事ワークフロー・Contractへ再設計
decisions/ADR-0014-targeted-refinement-before-regeneration.md,B,新規記事向けに再設計,基本思想を維持しつつ新規記事ワークフロー・Contractへ再設計
decisions/ADR-0015-golden-dataset-as-release-gate.md,C,思想のみ参照し新規作成,運用思想・検証方法を参考にし、新製品専用として新規作成
decisions/ADR-0016-sims-core-knowledge-not-architecture-migration.md,C,思想のみ参照し新規作成,運用思想・検証方法を参考にし、新製品専用として新規作成
decisions/ADR-0017-ctr-improvement-as-first-vertical-slice.md,D,不使用・持ち込まない,SIMS Writerの既存記事改善・GSC診断・保護制御に固有のため不使用
decisions/ADR-0018-human-and-machine-output-separation.md,B,新規記事向けに再設計,基本思想を維持しつつ新規記事ワークフロー・Contractへ再設計
decisions/ADR-0019-quality-foundation-from-ten-article-regression.md,C,思想のみ参照し新規作成,運用思想・検証方法を参考にし、新製品専用として新規作成
examples/decisions/decision-action-plan.invalid.json,B,新規記事向けに再設計,基本思想を維持しつつ新規記事ワークフロー・Contractへ再設計
examples/decisions/decision-action-plan.valid.json,B,新規記事向けに再設計,基本思想を維持しつつ新規記事ワークフロー・Contractへ再設計
examples/decisions/decision-context.invalid.json,B,新規記事向けに再設計,基本思想を維持しつつ新規記事ワークフロー・Contractへ再設計
examples/decisions/decision-context.valid.json,B,新規記事向けに再設計,基本思想を維持しつつ新規記事ワークフロー・Contractへ再設計
examples/decisions/decision-record.invalid.json,B,新規記事向けに再設計,基本思想を維持しつつ新規記事ワークフロー・Contractへ再設計
examples/decisions/decision-record.valid.json,B,新規記事向けに再設計,基本思想を維持しつつ新規記事ワークフロー・Contractへ再設計
examples/feedback-v2/IMPROVEMENT_REQUIRED.json,D,不使用・持ち込まない,SIMS Writerの既存記事改善・GSC診断・保護制御に固有のため不使用
examples/feedback-v2/PASS.json,B,新規記事向けに再設計,実装または構造定義を新製品仕様に合わせて再設計
examples/feedback-v2/PASS_WITH_WARNING.json,B,新規記事向けに再設計,実装または構造定義を新製品仕様に合わせて再設計
examples/model-adapters/fixture-request.json,C,思想のみ参照し新規作成,運用思想・検証方法を参考にし、新製品専用として新規作成
examples/runtime/generic-request.json,B,新規記事向けに再設計,基本思想を維持しつつ新規記事ワークフロー・Contractへ再設計
examples/runtime/sbm-request.json,B,新規記事向けに再設計,基本思想を維持しつつ新規記事ワークフロー・Contractへ再設計
examples/vertical-slices/ctr-improvement/README.md,D,不使用・持ち込まない,SIMS Writerの既存記事改善・GSC診断・保護制御に固有のため不使用
examples/vertical-slices/ctr-improvement/sbm-request.json,D,不使用・持ち込まない,SIMS Writerの既存記事改善・GSC診断・保護制御に固有のため不使用
knowledge/blocking-rule-registry.md,B,新規記事向けに再設計,基本思想を維持しつつ新規記事ワークフロー・Contractへ再設計
knowledge/confidence-model.md,B,新規記事向けに再設計,基本思想を維持しつつ新規記事ワークフロー・Contractへ再設計
knowledge/content-design/KN-CDS-001-define-content-scope.md,A,複製後に名称・参照のみ調整,新規記事にも直接適用できる汎用品質・事実性・記事構造資産
knowledge/content-design/KN-CDS-002-map-required-content-before-drafting.md,A,複製後に名称・参照のみ調整,新規記事にも直接適用できる汎用品質・事実性・記事構造資産
knowledge/content-design/KN-CDS-003-reader-level-controls-explanation-depth.md,A,複製後に名称・参照のみ調整,新規記事にも直接適用できる汎用品質・事実性・記事構造資産
knowledge/contradiction-pattern-registry.md,B,新規記事向けに再設計,基本思想を維持しつつ新規記事ワークフロー・Contractへ再設計
knowledge/coverage-pattern-library.md,B,新規記事向けに再設計,基本思想を維持しつつ新規記事ワークフロー・Contractへ再設計
knowledge/diagnosis-type-registry.md,D,不使用・持ち込まない,SIMS Writerの既存記事改善・GSC診断・保護制御に固有のため不使用
knowledge/entity-consistency-rules.md,B,新規記事向けに再設計,基本思想を維持しつつ新規記事ワークフロー・Contractへ再設計
knowledge/evidence-level-registry.md,A,複製後に名称・参照のみ調整,新規記事にも直接適用できる汎用品質・事実性・記事構造資産
knowledge/factuality/KN-FAC-001-verify-time-sensitive-claims.md,A,複製後に名称・参照のみ調整,新規記事にも直接適用できる汎用品質・事実性・記事構造資産
knowledge/factuality/KN-FAC-002-numeric-claims-need-basis.md,A,複製後に名称・参照のみ調整,新規記事にも直接適用できる汎用品質・事実性・記事構造資産
knowledge/factuality/KN-FAC-003-separate-fact-and-opinion.md,A,複製後に名称・参照のみ調整,新規記事にも直接適用できる汎用品質・事実性・記事構造資産
knowledge/factuality/KN-FAC-004-unable-to-verify-must-remain-visible.md,A,複製後に名称・参照のみ調整,新規記事にも直接適用できる汎用品質・事実性・記事構造資産
knowledge/factuality/KN-FAC-005-no-unsupported-performance-forecast.md,A,複製後に名称・参照のみ調整,新規記事にも直接適用できる汎用品質・事実性・記事構造資産
knowledge/framework/assembly-policy.md,B,新規記事向けに再設計,基本思想を維持しつつ新規記事ワークフロー・Contractへ再設計
knowledge/framework/confidence-policy.md,B,新規記事向けに再設計,基本思想を維持しつつ新規記事ワークフロー・Contractへ再設計
knowledge/framework/knowledge-architecture-v1.0.md,B,新規記事向けに再設計,基本思想を維持しつつ新規記事ワークフロー・Contractへ再設計
knowledge/framework/review-policy.md,B,新規記事向けに再設計,基本思想を維持しつつ新規記事ワークフロー・Contractへ再設計
knowledge/framework/source-policy.md,B,新規記事向けに再設計,基本思想を維持しつつ新規記事ワークフロー・Contractへ再設計
knowledge/lessons-learned/KN-LES-001-engine-structure-is-not-product-knowledge.md,A,複製後に名称・参照のみ調整,新規記事にも直接適用できる汎用品質・事実性・記事構造資産
knowledge/lessons-learned/KN-LES-002-extract-decisions-not-prompt-wording.md,C,思想のみ参照し新規作成,運用思想・検証方法を参考にし、新製品専用として新規作成
knowledge/lessons-learned/sims-core/LL-SC-001.md,C,思想のみ参照し新規作成,運用思想・検証方法を参考にし、新製品専用として新規作成
knowledge/lessons-learned/sims-core/LL-SC-002.md,C,思想のみ参照し新規作成,運用思想・検証方法を参考にし、新製品専用として新規作成
knowledge/lessons-learned/sims-core/LL-SC-003.md,C,思想のみ参照し新規作成,運用思想・検証方法を参考にし、新製品専用として新規作成
knowledge/lessons-learned/sims-core/LL-SC-004.md,C,思想のみ参照し新規作成,運用思想・検証方法を参考にし、新製品専用として新規作成
knowledge/lessons-learned/sims-core/LL-SC-005.md,C,思想のみ参照し新規作成,運用思想・検証方法を参考にし、新製品専用として新規作成
knowledge/lessons-learned/sims-core/LL-SC-006.md,C,思想のみ参照し新規作成,運用思想・検証方法を参考にし、新製品専用として新規作成
knowledge/lessons-learned/sims-core/LL-SC-007.md,C,思想のみ参照し新規作成,運用思想・検証方法を参考にし、新製品専用として新規作成
knowledge/lessons-learned/sims-core/LL-SC-008.md,C,思想のみ参照し新規作成,運用思想・検証方法を参考にし、新製品専用として新規作成
knowledge/lessons-learned/sims-core/LL-SC-009.md,C,思想のみ参照し新規作成,運用思想・検証方法を参考にし、新製品専用として新規作成
knowledge/lessons-learned/sims-core/LL-SC-010.md,C,思想のみ参照し新規作成,運用思想・検証方法を参考にし、新製品専用として新規作成
knowledge/lessons-learned/sims-core/LL-SC-011.md,C,思想のみ参照し新規作成,運用思想・検証方法を参考にし、新製品専用として新規作成
knowledge/lessons-learned/sims-core/LL-SC-012.md,C,思想のみ参照し新規作成,運用思想・検証方法を参考にし、新製品専用として新規作成
knowledge/lessons-learned/sims-core/registry.yaml,C,思想のみ参照し新規作成,運用思想・検証方法を参考にし、新製品専用として新規作成
knowledge/operations/KN-OPS-001-targeted-revision-before-full-rewrite.md,D,不使用・持ち込まない,SIMS Writerの既存記事改善・GSC診断・保護制御に固有のため不使用
knowledge/operations/KN-OPS-002-track-before-and-after.md,B,新規記事向けに再設計,基本思想を維持しつつ新規記事ワークフロー・Contractへ再設計
knowledge/operations/KN-OPS-003-do-not-promote-single-outcomes.md,B,新規記事向けに再設計,基本思想を維持しつつ新規記事ワークフロー・Contractへ再設計
knowledge/operations/KN-OPS-004-separate-user-output-and-feedback.md,B,新規記事向けに再設計,基本思想を維持しつつ新規記事ワークフロー・Contractへ再設計
knowledge/operations/KN-OPS-005-change-flags-must-match-output.md,B,新規記事向けに再設計,基本思想を維持しつつ新規記事ワークフロー・Contractへ再設計
knowledge/operations/KN-OPS-006-internal-link-three-way-classification.md,B,新規記事向けに再設計,基本思想を維持しつつ新規記事ワークフロー・Contractへ再設計
knowledge/operations/KN-OPS-007-improvement-necessity-judgment.md,D,不使用・持ち込まない,SIMS Writerの既存記事改善・GSC診断・保護制御に固有のため不使用
knowledge/operations/KN-OPS-008-editorial-change-accountability.md,B,新規記事向けに再設計,基本思想を維持しつつ新規記事ワークフロー・Contractへ再設計
knowledge/operations/KN-OPS-009-v2-contract-is-authoritative.md,B,新規記事向けに再設計,基本思想を維持しつつ新規記事ワークフロー・Contractへ再設計
knowledge/operations/KN-OPS-010-markdown-before-after.md,D,不使用・持ち込まない,SIMS Writerの既存記事改善・GSC診断・保護制御に固有のため不使用
knowledge/operations/KN-OPS-011-specialist-risk-validation.md,B,新規記事向けに再設計,基本思想を維持しつつ新規記事ワークフロー・Contractへ再設計
knowledge/preservation-signal-registry.md,D,不使用・持ち込まない,SIMS Writerの既存記事改善・GSC診断・保護制御に固有のため不使用
knowledge/product/KN-PRD-001-publish-ready-is-the-default.md,A,複製後に名称・参照のみ調整,新規記事にも直接適用できる汎用品質・事実性・記事構造資産
knowledge/product/KN-PRD-002-evidence-over-assumption.md,A,複製後に名称・参照のみ調整,新規記事にも直接適用できる汎用品質・事実性・記事構造資産
knowledge/product/KN-PRD-003-preserve-proven-value.md,B,新規記事向けに再設計,基本思想を維持しつつ新規記事ワークフロー・Contractへ再設計
knowledge/product/KN-PRD-004-fail-explicitly.md,B,新規記事向けに再設計,基本思想を維持しつつ新規記事ワークフロー・Contractへ再設計
knowledge/quality-thresholds.md,B,新規記事向けに再設計,基本思想を維持しつつ新規記事ワークフロー・Contractへ再設計
knowledge/registry/knowledge-registry.yaml,B,新規記事向けに再設計,基本思想を維持しつつ新規記事ワークフロー・Contractへ再設計
knowledge/registry/knowledge-set-registry.yaml,B,新規記事向けに再設計,基本思想を維持しつつ新規記事ワークフロー・Contractへ再設計
knowledge/registry/source-registry.yaml,B,新規記事向けに再設計,基本思想を維持しつつ新規記事ワークフロー・Contractへ再設計
knowledge/search-console-interpretation-rules.md,D,不使用・持ち込まない,SIMS Writerの既存記事改善・GSC診断・保護制御に固有のため不使用
knowledge/seo/KN-SEO-001-primary-intent-before-structure.md,A,複製後に名称・参照のみ調整,新規記事にも直接適用できる汎用品質・事実性・記事構造資産
knowledge/seo/KN-SEO-002-main-answer-must-be-explicit.md,B,新規記事向けに再設計,基本思想を維持しつつ新規記事ワークフロー・Contractへ再設計
knowledge/seo/KN-SEO-003-title-must-match-article-promise.md,B,新規記事向けに再設計,基本思想を維持しつつ新規記事ワークフロー・Contractへ再設計
knowledge/seo/KN-SEO-004-natural-query-usage.md,A,複製後に名称・参照のみ調整,新規記事にも直接適用できる汎用品質・事実性・記事構造資産
knowledge/seo/KN-SEO-005-separate-out-of-scope-intent.md,B,新規記事向けに再設計,基本思想を維持しつつ新規記事ワークフロー・Contractへ再設計
knowledge/seo/KN-SEO-006-ctr-improvement-requires-body-alignment.md,D,不使用・持ち込まない,SIMS Writerの既存記事改善・GSC診断・保護制御に固有のため不使用
knowledge/seo/KN-SEO-007-main-query-field-is-pure.md,B,新規記事向けに再設計,基本思想を維持しつつ新規記事ワークフロー・Contractへ再設計
knowledge/seo/KN-SEO-008-comparison-intent-consistency.md,B,新規記事向けに再設計,基本思想を維持しつつ新規記事ワークフロー・Contractへ再設計
knowledge/sets/KS-BASE-001-publish-ready-base.yaml,A,複製後に名称・参照のみ調整,新規記事にも直接適用できる汎用品質・事実性・記事構造資産
knowledge/sets/KS-CMP-001-comparison-article.yaml,A,複製後に名称・参照のみ調整,新規記事にも直接適用できる汎用品質・事実性・記事構造資産
knowledge/sets/KS-CST-001-cost-article.yaml,A,複製後に名称・参照のみ調整,新規記事にも直接適用できる汎用品質・事実性・記事構造資産
knowledge/sets/KS-CTR-001-ctr-improvement.yaml,D,不使用・持ち込まない,SIMS Writerの既存記事改善・GSC診断・保護制御に固有のため不使用
knowledge/sets/KS-FAC-001-fact-verification.yaml,B,新規記事向けに再設計,基本思想を維持しつつ新規記事ワークフロー・Contractへ再設計
knowledge/sets/KS-HRK-001-high-risk-review.yaml,B,新規記事向けに再設計,基本思想を維持しつつ新規記事ワークフロー・Contractへ再設計
knowledge/sets/KS-IMP-001-existing-article-improvement-base.yaml,D,不使用・持ち込まない,SIMS Writerの既存記事改善・GSC診断・保護制御に固有のため不使用
knowledge/sets/KS-JPN-001-japanese-quality.yaml,A,複製後に名称・参照のみ調整,新規記事にも直接適用できる汎用品質・事実性・記事構造資産
knowledge/sets/KS-NEW-001-new-article-base.yaml,A,複製後に名称・参照のみ調整,新規記事にも直接適用できる汎用品質・事実性・記事構造資産
knowledge/sets/KS-TRB-001-troubleshooting-article.yaml,A,複製後に名称・参照のみ調整,新規記事にも直接適用できる汎用品質・事実性・記事構造資産
knowledge/sources/README.md,B,新規記事向けに再設計,基本思想を維持しつつ新規記事ワークフロー・Contractへ再設計
knowledge/warning-code-registry.md,B,新規記事向けに再設計,基本思想を維持しつつ新規記事ワークフロー・Contractへ再設計
knowledge/warning-policy.md,B,新規記事向けに再設計,基本思想を維持しつつ新規記事ワークフロー・Contractへ再設計
knowledge/writing/KN-WRI-001-answer-first-introduction.md,A,複製後に名称・参照のみ調整,新規記事にも直接適用できる汎用品質・事実性・記事構造資産
knowledge/writing/KN-WRI-002-one-section-one-purpose.md,A,複製後に名称・参照のみ調整,新規記事にも直接適用できる汎用品質・事実性・記事構造資産
knowledge/writing/KN-WRI-003-procedure-must-reach-completion.md,A,複製後に名称・参照のみ調整,新規記事にも直接適用できる汎用品質・事実性・記事構造資産
knowledge/writing/KN-WRI-004-faq-must-add-new-value.md,A,複製後に名称・参照のみ調整,新規記事にも直接適用できる汎用品質・事実性・記事構造資産
knowledge/writing/KN-WRI-005-conclusion-without-repetition.md,A,複製後に名称・参照のみ調整,新規記事にも直接適用できる汎用品質・事実性・記事構造資産
knowledge/writing/KN-WRI-006-natural-japanese-over-formulaic-politeness.md,A,複製後に名称・参照のみ調整,新規記事にも直接適用できる汎用品質・事実性・記事構造資産
learning/README.md,C,思想のみ参照し新規作成,運用思想・検証方法を参考にし、新製品専用として新規作成
learning/examples/A000001.feedback.json,C,思想のみ参照し新規作成,運用思想・検証方法を参考にし、新製品専用として新規作成
learning/examples/A000001.learning.json,C,思想のみ参照し新規作成,運用思想・検証方法を参考にし、新製品専用として新規作成
learning/examples/A000001.measurement.json,C,思想のみ参照し新規作成,運用思想・検証方法を参考にし、新製品専用として新規作成
learning/schemas/SWLS_LEARNING_RECORD.schema.json,C,思想のみ参照し新規作成,運用思想・検証方法を参考にし、新製品専用として新規作成
learning/schemas/SWLS_MEASUREMENT.schema.json,C,思想のみ参照し新規作成,運用思想・検証方法を参考にし、新製品専用として新規作成
learning/schemas/SWLS_USER_FEEDBACK.schema.json,C,思想のみ参照し新規作成,運用思想・検証方法を参考にし、新製品専用として新規作成
learning/templates/LEARNING_RECORD_TEMPLATE.json,C,思想のみ参照し新規作成,運用思想・検証方法を参考にし、新製品専用として新規作成
learning/templates/MEASUREMENT_TEMPLATE.json,C,思想のみ参照し新規作成,運用思想・検証方法を参考にし、新製品専用として新規作成
learning/templates/USER_FEEDBACK_TEMPLATE.json,C,思想のみ参照し新規作成,運用思想・検証方法を参考にし、新製品専用として新規作成
migrations/sims-core/asset-mapping.md,D,不使用・持ち込まない,旧製品履歴・移行資産であり新製品の実行資産には含めない
migrations/sims-core/migration-framework-v1.0.md,D,不使用・持ち込まない,旧製品履歴・移行資産であり新製品の実行資産には含めない
migrations/sims-core/migration-inventory.yaml,D,不使用・持ち込まない,旧製品履歴・移行資産であり新製品の実行資産には含めない
patterns/definitions/anti_pattern/PT-ANT-001-keyword-stuffing.yaml,B,新規記事向けに再設計,基本思想を維持しつつ新規記事ワークフロー・Contractへ再設計
patterns/definitions/anti_pattern/PT-ANT-002-competitor-heading-copy.yaml,B,新規記事向けに再設計,基本思想を維持しつつ新規記事ワークフロー・Contractへ再設計
patterns/definitions/anti_pattern/PT-ANT-003-faq-inflation.yaml,B,新規記事向けに再設計,基本思想を維持しつつ新規記事ワークフロー・Contractへ再設計
patterns/definitions/anti_pattern/PT-ANT-004-full-rewrite-without-evaluation.yaml,D,不使用・持ち込まない,SIMS Writerの既存記事改善・GSC診断・保護制御に固有のため不使用
patterns/definitions/anti_pattern/PT-ANT-005-year-update-without-evidence.yaml,A,複製後に名称・参照のみ調整,新規記事にも直接適用できる汎用品質・事実性・記事構造資産
patterns/definitions/anti_pattern/PT-ANT-006-generic-introduction.yaml,B,新規記事向けに再設計,基本思想を維持しつつ新規記事ワークフロー・Contractへ再設計
patterns/definitions/anti_pattern/PT-ANT-007-excessive-bullet-lists.yaml,B,新規記事向けに再設計,基本思想を維持しつつ新規記事ワークフロー・Contractへ再設計
patterns/definitions/anti_pattern/PT-ANT-008-fabricated-experience.yaml,B,新規記事向けに再設計,基本思想を維持しつつ新規記事ワークフロー・Contractへ再設計
patterns/definitions/anti_pattern/PT-ANT-009-all-queries-in-one-article.yaml,B,新規記事向けに再設計,基本思想を維持しつつ新規記事ワークフロー・Contractへ再設計
patterns/definitions/anti_pattern/PT-ANT-010-prompt-only-quality-rule.yaml,B,新規記事向けに再設計,基本思想を維持しつつ新規記事ワークフロー・Contractへ再設計
patterns/definitions/anti_pattern/PT-ANT-011-legacy-contract-regression.yaml,C,思想のみ参照し新規作成,運用思想・検証方法を参考にし、新製品専用として新規作成
patterns/definitions/anti_pattern/PT-ANT-012-raw-html-before-after.yaml,D,不使用・持ち込まない,SIMS Writerの既存記事改善・GSC診断・保護制御に固有のため不使用
patterns/definitions/anti_pattern/PT-ANT-013-serp-effect-overclaim.yaml,B,新規記事向けに再設計,基本思想を維持しつつ新規記事ワークフロー・Contractへ再設計
patterns/definitions/anti_pattern/PT-ANT-014-secondary-query-overfit.yaml,B,新規記事向けに再設計,基本思想を維持しつつ新規記事ワークフロー・Contractへ再設計
patterns/definitions/anti_pattern/PT-ANT-015-unsafe-redaction-advice.yaml,B,新規記事向けに再設計,基本思想を維持しつつ新規記事ワークフロー・Contractへ再設計
patterns/definitions/article/PT-ART-001-how-to-article.yaml,A,複製後に名称・参照のみ調整,新規記事にも直接適用できる汎用品質・事実性・記事構造資産
patterns/definitions/article/PT-ART-002-troubleshooting-article.yaml,A,複製後に名称・参照のみ調整,新規記事にも直接適用できる汎用品質・事実性・記事構造資産
patterns/definitions/article/PT-ART-003-comparison-article.yaml,A,複製後に名称・参照のみ調整,新規記事にも直接適用できる汎用品質・事実性・記事構造資産
patterns/definitions/article/PT-ART-004-definition-article.yaml,A,複製後に名称・参照のみ調整,新規記事にも直接適用できる汎用品質・事実性・記事構造資産
patterns/definitions/article/PT-ART-005-cost-article.yaml,A,複製後に名称・参照のみ調整,新規記事にも直接適用できる汎用品質・事実性・記事構造資産
patterns/definitions/article/PT-ART-006-cause-and-solution-article.yaml,A,複製後に名称・参照のみ調整,新規記事にも直接適用できる汎用品質・事実性・記事構造資産
patterns/definitions/article/PT-ART-007-settings-guide.yaml,A,複製後に名称・参照のみ調整,新規記事にも直接適用できる汎用品質・事実性・記事構造資産
patterns/definitions/evidence/PT-EVD-001-official-source-first.yaml,A,複製後に名称・参照のみ調整,新規記事にも直接適用できる汎用品質・事実性・記事構造資産
patterns/definitions/evidence/PT-EVD-002-time-sensitive-fact-verification.yaml,A,複製後に名称・参照のみ調整,新規記事にも直接適用できる汎用品質・事実性・記事構造資産
patterns/definitions/evidence/PT-EVD-003-numeric-claim-verification.yaml,A,複製後に名称・参照のみ調整,新規記事にも直接適用できる汎用品質・事実性・記事構造資産
patterns/definitions/evidence/PT-EVD-004-fact-and-opinion-separation.yaml,A,複製後に名称・参照のみ調整,新規記事にも直接適用できる汎用品質・事実性・記事構造資産
patterns/definitions/evidence/PT-EVD-005-unable-to-verify-handling.yaml,A,複製後に名称・参照のみ調整,新規記事にも直接適用できる汎用品質・事実性・記事構造資産
patterns/definitions/evidence/PT-EVD-006-experience-claim-labeling.yaml,A,複製後に名称・参照のみ調整,新規記事にも直接適用できる汎用品質・事実性・記事構造資産
patterns/definitions/improvement/PT-IMP-001-preserve-and-revise.yaml,D,不使用・持ち込まない,SIMS Writerの既存記事改善・GSC診断・保護制御に固有のため不使用
patterns/definitions/improvement/PT-IMP-002-targeted-revision-before-full-rewrite.yaml,D,不使用・持ち込まない,SIMS Writerの既存記事改善・GSC診断・保護制御に固有のため不使用
patterns/definitions/improvement/PT-IMP-003-outdated-information-refresh.yaml,D,不使用・持ち込まない,SIMS Writerの既存記事改善・GSC診断・保護制御に固有のため不使用
patterns/definitions/improvement/PT-IMP-004-content-gap-completion.yaml,D,不使用・持ち込まない,SIMS Writerの既存記事改善・GSC診断・保護制御に固有のため不使用
patterns/definitions/improvement/PT-IMP-005-heading-reorganization.yaml,D,不使用・持ち込まない,SIMS Writerの既存記事改善・GSC診断・保護制御に固有のため不使用
patterns/definitions/improvement/PT-IMP-006-introduction-replacement.yaml,D,不使用・持ち込まない,SIMS Writerの既存記事改善・GSC診断・保護制御に固有のため不使用
patterns/definitions/improvement/PT-IMP-007-faq-addition-or-reduction.yaml,D,不使用・持ち込まない,SIMS Writerの既存記事改善・GSC診断・保護制御に固有のため不使用
patterns/definitions/improvement/PT-IMP-008-metadata-only-improvement.yaml,D,不使用・持ち込まない,SIMS Writerの既存記事改善・GSC診断・保護制御に固有のため不使用
patterns/definitions/planning/PT-PLN-001-primary-intent-identification.yaml,B,新規記事向けに再設計,基本思想を維持しつつ新規記事ワークフロー・Contractへ再設計
patterns/definitions/planning/PT-PLN-002-main-answer-definition.yaml,B,新規記事向けに再設計,基本思想を維持しつつ新規記事ワークフロー・Contractへ再設計
patterns/definitions/planning/PT-PLN-003-content-scope-boundary.yaml,B,新規記事向けに再設計,基本思想を維持しつつ新規記事ワークフロー・Contractへ再設計
patterns/definitions/planning/PT-PLN-004-required-content-mapping.yaml,B,新規記事向けに再設計,基本思想を維持しつつ新規記事ワークフロー・Contractへ再設計
patterns/definitions/planning/PT-PLN-005-existing-value-identification.yaml,D,不使用・持ち込まない,SIMS Writerの既存記事改善・GSC診断・保護制御に固有のため不使用
patterns/definitions/planning/PT-PLN-006-evidence-planning.yaml,A,複製後に名称・参照のみ調整,新規記事にも直接適用できる汎用品質・事実性・記事構造資産
patterns/definitions/planning/PT-PLN-007-separate-article-intent-detection.yaml,B,新規記事向けに再設計,基本思想を維持しつつ新規記事ワークフロー・Contractへ再設計
patterns/definitions/quality_recovery/PT-QRC-001-primary-intent-recovery.yaml,B,新規記事向けに再設計,基本思想を維持しつつ新規記事ワークフロー・Contractへ再設計
patterns/definitions/quality_recovery/PT-QRC-002-unsupported-claim-removal.yaml,B,新規記事向けに再設計,基本思想を維持しつつ新規記事ワークフロー・Contractへ再設計
patterns/definitions/quality_recovery/PT-QRC-003-structure-simplification.yaml,A,複製後に名称・参照のみ調整,新規記事にも直接適用できる汎用品質・事実性・記事構造資産
patterns/definitions/quality_recovery/PT-QRC-004-redundancy-reduction.yaml,B,新規記事向けに再設計,基本思想を維持しつつ新規記事ワークフロー・Contractへ再設計
patterns/definitions/quality_recovery/PT-QRC-005-japanese-naturalization.yaml,A,複製後に名称・参照のみ調整,新規記事にも直接適用できる汎用品質・事実性・記事構造資産
patterns/definitions/quality_recovery/PT-QRC-006-faq-de-duplication.yaml,B,新規記事向けに再設計,基本思想を維持しつつ新規記事ワークフロー・Contractへ再設計
patterns/definitions/quality_recovery/PT-QRC-007-title-body-alignment-recovery.yaml,B,新規記事向けに再設計,基本思想を維持しつつ新規記事ワークフロー・Contractへ再設計
patterns/definitions/quality_recovery/PT-QRC-008-existing-value-restoration.yaml,D,不使用・持ち込まない,SIMS Writerの既存記事改善・GSC診断・保護制御に固有のため不使用
patterns/definitions/section/PT-SEC-001-answer-first-introduction.yaml,A,複製後に名称・参照のみ調整,新規記事にも直接適用できる汎用品質・事実性・記事構造資産
patterns/definitions/section/PT-SEC-002-problem-recognition-introduction.yaml,B,新規記事向けに再設計,基本思想を維持しつつ新規記事ワークフロー・Contractへ再設計
patterns/definitions/section/PT-SEC-003-step-by-step-procedure.yaml,A,複製後に名称・参照のみ調整,新規記事にも直接適用できる汎用品質・事実性・記事構造資産
patterns/definitions/section/PT-SEC-004-comparison-criteria.yaml,B,新規記事向けに再設計,基本思想を維持しつつ新規記事ワークフロー・Contractへ再設計
patterns/definitions/section/PT-SEC-005-warning-and-exception.yaml,A,複製後に名称・参照のみ調整,新規記事にも直接適用できる汎用品質・事実性・記事構造資産
patterns/definitions/section/PT-SEC-006-faq-complement.yaml,A,複製後に名称・参照のみ調整,新規記事にも直接適用できる汎用品質・事実性・記事構造資産
patterns/definitions/section/PT-SEC-007-non-repetitive-conclusion.yaml,A,複製後に名称・参照のみ調整,新規記事にも直接適用できる汎用品質・事実性・記事構造資産
patterns/definitions/section/PT-SEC-008-internal-link-context.yaml,B,新規記事向けに再設計,基本思想を維持しつつ新規記事ワークフロー・Contractへ再設計
patterns/definitions/seo/PT-SEO-001-low-ctr-high-rank-title-improvement.yaml,D,不使用・持ち込まない,SIMS Writerの既存記事改善・GSC診断・保護制御に固有のため不使用
patterns/definitions/seo/PT-SEO-002-title-and-h1-role-separation.yaml,B,新規記事向けに再設計,基本思想を維持しつつ新規記事ワークフロー・Contractへ再設計
patterns/definitions/seo/PT-SEO-003-main-query-natural-placement.yaml,A,複製後に名称・参照のみ調整,新規記事にも直接適用できる汎用品質・事実性・記事構造資産
patterns/definitions/seo/PT-SEO-004-supporting-query-coverage.yaml,B,新規記事向けに再設計,基本思想を維持しつつ新規記事ワークフロー・Contractへ再設計
patterns/definitions/seo/PT-SEO-005-cannibalization-separation.yaml,A,複製後に名称・参照のみ調整,新規記事にも直接適用できる汎用品質・事実性・記事構造資産
patterns/definitions/seo/PT-SEO-006-internal-link-relevance.yaml,A,複製後に名称・参照のみ調整,新規記事にも直接適用できる汎用品質・事実性・記事構造資産
patterns/definitions/seo/PT-SEO-007-meta-description-intent-summary.yaml,A,複製後に名称・参照のみ調整,新規記事にも直接適用できる汎用品質・事実性・記事構造資産
patterns/framework/pattern-library-architecture-v1.0.md,B,新規記事向けに再設計,基本思想を維持しつつ新規記事ワークフロー・Contractへ再設計
patterns/policies/conflict-resolution.md,B,新規記事向けに再設計,基本思想を維持しつつ新規記事ワークフロー・Contractへ再設計
patterns/policies/decision-pattern-mapping.md,B,新規記事向けに再設計,基本思想を維持しつつ新規記事ワークフロー・Contractへ再設計
patterns/policies/selection-policy.md,B,新規記事向けに再設計,基本思想を維持しつつ新規記事ワークフロー・Contractへ再設計
patterns/registry/pattern-registry.json,B,新規記事向けに再設計,基本思想を維持しつつ新規記事ワークフロー・Contractへ再設計
patterns/registry/pattern-set-registry.json,B,新規記事向けに再設計,基本思想を維持しつつ新規記事ワークフロー・Contractへ再設計
patterns/sets/PS-CMP-001-comparison-article.yaml,A,複製後に名称・参照のみ調整,新規記事にも直接適用できる汎用品質・事実性・記事構造資産
patterns/sets/PS-CST-001-cost-article.yaml,A,複製後に名称・参照のみ調整,新規記事にも直接適用できる汎用品質・事実性・記事構造資産
patterns/sets/PS-CTR-001-ctr-improvement.yaml,D,不使用・持ち込まない,SIMS Writerの既存記事改善・GSC診断・保護制御に固有のため不使用
patterns/sets/PS-FAC-001-fact-verification.yaml,B,新規記事向けに再設計,基本思想を維持しつつ新規記事ワークフロー・Contractへ再設計
patterns/sets/PS-IMP-001-existing-article-improvement-base.yaml,D,不使用・持ち込まない,SIMS Writerの既存記事改善・GSC診断・保護制御に固有のため不使用
patterns/sets/PS-JPN-001-japanese-quality-recovery.yaml,A,複製後に名称・参照のみ調整,新規記事にも直接適用できる汎用品質・事実性・記事構造資産
patterns/sets/PS-NEW-001-new-article-base.yaml,A,複製後に名称・参照のみ調整,新規記事にも直接適用できる汎用品質・事実性・記事構造資産
patterns/sets/PS-TRB-001-troubleshooting-article.yaml,A,複製後に名称・参照のみ調整,新規記事にも直接適用できる汎用品質・事実性・記事構造資産
presentation/BEFORE_AFTER_TEMPLATE.md,D,不使用・持ち込まない,SIMS Writerの既存記事改善・GSC診断・保護制御に固有のため不使用
presentation/FEEDBACK_TEMPLATE.md,C,思想のみ参照し新規作成,運用思想・検証方法を参考にし、新製品専用として新規作成
presentation/PRESENTATION_TEMPLATE.md,C,思想のみ参照し新規作成,運用思想・検証方法を参考にし、新製品専用として新規作成
product/philosophy/product-philosophy-v1.0.md,C,思想のみ参照し新規作成,内容を個別確認し、必要な考え方のみ新製品へ反映
product/principles/core-principles-v1.0.md,C,思想のみ参照し新規作成,内容を個別確認し、必要な考え方のみ新製品へ反映
product/roadmap/product-roadmap.md,C,思想のみ参照し新規作成,内容を個別確認し、必要な考え方のみ新製品へ反映
product/specifications/product-specification-v1.0.md,C,思想のみ参照し新規作成,内容を個別確認し、必要な考え方のみ新製品へ反映
product/specifications/quality-specification-v0.2.0.md,B,新規記事向けに再設計,基本思想を維持しつつ新規記事ワークフロー・Contractへ再設計
quality/checklists/improvement-checklist.md,D,不使用・持ち込まない,SIMS Writerの既存記事改善・GSC診断・保護制御に固有のため不使用
quality/checklists/new-article-checklist.md,A,複製後に名称・参照のみ調整,新規記事にも直接適用できる汎用品質・事実性・記事構造資産
quality/framework/consistency-audit-v1.0.md,B,新規記事向けに再設計,基本思想を維持しつつ新規記事ワークフロー・Contractへ再設計
quality/framework/publish-ready-definition.md,A,複製後に名称・参照のみ調整,新規記事にも直接適用できる汎用品質・事実性・記事構造資産
quality/framework/quality-dimensions.md,A,複製後に名称・参照のみ調整,新規記事にも直接適用できる汎用品質・事実性・記事構造資産
quality/framework/quality-foundation-v1.0.md,B,新規記事向けに再設計,基本思想を維持しつつ新規記事ワークフロー・Contractへ再設計
quality/framework/quality-framework-v1.0.md,A,複製後に名称・参照のみ調整,新規記事にも直接適用できる汎用品質・事実性・記事構造資産
quality/framework/reason-warning-codes-v1.0.md,B,新規記事向けに再設計,基本思想を維持しつつ新規記事ワークフロー・Contractへ再設計
quality/framework/search-performance-diagnosis-v1.0.md,D,不使用・持ち込まない,SIMS Writerの既存記事改善・GSC診断・保護制御に固有のため不使用
quality/framework/validation-layer-v0.2.0.md,B,新規記事向けに再設計,基本思想を維持しつつ新規記事ワークフロー・Contractへ再設計
quality/gates/draft-gate.yaml,B,新規記事向けに再設計,基本思想を維持しつつ新規記事ワークフロー・Contractへ再設計
quality/gates/evidence-gate.yaml,A,複製後に名称・参照のみ調整,新規記事にも直接適用できる汎用品質・事実性・記事構造資産
quality/gates/final-publication-gate.yaml,A,複製後に名称・参照のみ調整,新規記事にも直接適用できる汎用品質・事実性・記事構造資産
quality/gates/input-gate.yaml,B,新規記事向けに再設計,基本思想を維持しつつ新規記事ワークフロー・Contractへ再設計
quality/gates/language-gate.yaml,B,新規記事向けに再設計,基本思想を維持しつつ新規記事ワークフロー・Contractへ再設計
quality/gates/planning-gate.yaml,B,新規記事向けに再設計,基本思想を維持しつつ新規記事ワークフロー・Contractへ再設計
quality/gates/seo-gate.yaml,B,新規記事向けに再設計,基本思想を維持しつつ新規記事ワークフロー・Contractへ再設計
quality/registry/quality-gate-registry.json,B,新規記事向けに再設計,基本思想を維持しつつ新規記事ワークフロー・Contractへ再設計
quality/registry/quality-rule-registry.json,B,新規記事向けに再設計,基本思想を維持しつつ新規記事ワークフロー・Contractへ再設計
quality/reports/quality-report-specification.md,B,新規記事向けに再設計,基本思想を維持しつつ新規記事ワークフロー・Contractへ再設計
quality/rules/completeness/QF-COM-001-required-content-coverage.yaml,B,新規記事向けに再設計,基本思想を維持しつつ新規記事ワークフロー・Contractへ再設計
quality/rules/completeness/QF-COM-002-exception-and-warning-coverage.yaml,B,新規記事向けに再設計,基本思想を維持しつつ新規記事ワークフロー・Contractへ再設計
quality/rules/completeness/QF-COM-003-action-completion.yaml,B,新規記事向けに再設計,基本思想を維持しつつ新規記事ワークフロー・Contractへ再設計
quality/rules/eeat/QF-EEA-001-experience-claim-integrity.yaml,A,複製後に名称・参照のみ調整,新規記事にも直接適用できる汎用品質・事実性・記事構造資産
quality/rules/eeat/QF-EEA-002-authority-source-use.yaml,A,複製後に名称・参照のみ調整,新規記事にも直接適用できる汎用品質・事実性・記事構造資産
quality/rules/eeat/QF-EEA-003-no-false-expertise.yaml,A,複製後に名称・参照のみ調整,新規記事にも直接適用できる汎用品質・事実性・記事構造資産
quality/rules/factuality/QF-FAC-001-source-required-for-time-sensitive-claims.yaml,A,複製後に名称・参照のみ調整,新規記事にも直接適用できる汎用品質・事実性・記事構造資産
quality/rules/factuality/QF-FAC-002-no-unsupported-numeric-claims.yaml,A,複製後に名称・参照のみ調整,新規記事にも直接適用できる汎用品質・事実性・記事構造資産
quality/rules/factuality/QF-FAC-003-internal-consistency.yaml,A,複製後に名称・参照のみ調整,新規記事にも直接適用できる汎用品質・事実性・記事構造資産
quality/rules/factuality/QF-FAC-004-fact-and-opinion-separation.yaml,A,複製後に名称・参照のみ調整,新規記事にも直接適用できる汎用品質・事実性・記事構造資産
quality/rules/helpfulness/QF-HLP-001-actionable-explanation.yaml,A,複製後に名称・参照のみ調整,新規記事にも直接適用できる汎用品質・事実性・記事構造資産
quality/rules/helpfulness/QF-HLP-002-reader-decision-support.yaml,A,複製後に名称・参照のみ調整,新規記事にも直接適用できる汎用品質・事実性・記事構造資産
quality/rules/helpfulness/QF-HLP-003-failure-recovery-guidance.yaml,A,複製後に名称・参照のみ調整,新規記事にも直接適用できる汎用品質・事実性・記事構造資産
quality/rules/japanese/QF-JPN-001-natural-japanese.yaml,A,複製後に名称・参照のみ調整,新規記事にも直接適用できる汎用品質・事実性・記事構造資産
quality/rules/japanese/QF-JPN-002-expression-consistency.yaml,A,複製後に名称・参照のみ調整,新規記事にも直接適用できる汎用品質・事実性・記事構造資産
quality/rules/japanese/QF-JPN-003-ai-like-phrase-reduction.yaml,A,複製後に名称・参照のみ調整,新規記事にも直接適用できる汎用品質・事実性・記事構造資産
quality/rules/originality/QF-ORG-001-original-reader-value.yaml,A,複製後に名称・参照のみ調整,新規記事にも直接適用できる汎用品質・事実性・記事構造資産
quality/rules/originality/QF-ORG-002-no-competitor-paraphrase.yaml,A,複製後に名称・参照のみ調整,新規記事にも直接適用できる汎用品質・事実性・記事構造資産
quality/rules/originality/QF-ORG-003-no-fabricated-experience.yaml,A,複製後に名称・参照のみ調整,新規記事にも直接適用できる汎用品質・事実性・記事構造資産
quality/rules/publication/QF-PUB-001-no-placeholder.yaml,A,複製後に名称・参照のみ調整,新規記事にも直接適用できる汎用品質・事実性・記事構造資産
quality/rules/publication/QF-PUB-002-complete-metadata.yaml,A,複製後に名称・参照のみ調整,新規記事にも直接適用できる汎用品質・事実性・記事構造資産
quality/rules/publication/QF-PUB-003-no-unresolved-blocking-issue.yaml,A,複製後に名称・参照のみ調整,新規記事にも直接適用できる汎用品質・事実性・記事構造資産
quality/rules/publication/QF-PUB-004-additional-editing-not-required.yaml,A,複製後に名称・参照のみ調整,新規記事にも直接適用できる汎用品質・事実性・記事構造資産
quality/rules/readability/QF-REA-001-sentence-clarity.yaml,A,複製後に名称・参照のみ調整,新規記事にも直接適用できる汎用品質・事実性・記事構造資産
quality/rules/readability/QF-REA-002-paragraph-length.yaml,A,複製後に名称・参照のみ調整,新規記事にも直接適用できる汎用品質・事実性・記事構造資産
quality/rules/readability/QF-REA-003-redundancy-control.yaml,A,複製後に名称・参照のみ調整,新規記事にも直接適用できる汎用品質・事実性・記事構造資産
quality/rules/safety/QF-SAF-001-dangerous-instruction-prevention.yaml,A,複製後に名称・参照のみ調整,新規記事にも直接適用できる汎用品質・事実性・記事構造資産
quality/rules/safety/QF-SAF-002-high-risk-claim-review.yaml,A,複製後に名称・参照のみ調整,新規記事にも直接適用できる汎用品質・事実性・記事構造資産
quality/rules/safety/QF-SAF-003-data-loss-warning.yaml,A,複製後に名称・参照のみ調整,新規記事にも直接適用できる汎用品質・事実性・記事構造資産
quality/rules/search-intent/QF-INT-001-primary-intent-must-be-answered.yaml,B,新規記事向けに再設計,基本思想を維持しつつ新規記事ワークフロー・Contractへ再設計
quality/rules/search-intent/QF-INT-002-main-answer-must-be-explicit.yaml,B,新規記事向けに再設計,基本思想を維持しつつ新規記事ワークフロー・Contractへ再設計
quality/rules/search-intent/QF-INT-003-out-of-scope-intent-separation.yaml,B,新規記事向けに再設計,基本思想を維持しつつ新規記事ワークフロー・Contractへ再設計
quality/rules/seo/QF-SEO-001-title-intent-alignment.yaml,A,複製後に名称・参照のみ調整,新規記事にも直接適用できる汎用品質・事実性・記事構造資産
quality/rules/seo/QF-SEO-002-natural-query-usage.yaml,A,複製後に名称・参照のみ調整,新規記事にも直接適用できる汎用品質・事実性・記事構造資産
quality/rules/seo/QF-SEO-003-heading-topic-alignment.yaml,A,複製後に名称・参照のみ調整,新規記事にも直接適用できる汎用品質・事実性・記事構造資産
quality/rules/seo/QF-SEO-004-cannibalization-risk-check.yaml,A,複製後に名称・参照のみ調整,新規記事にも直接適用できる汎用品質・事実性・記事構造資産
quality/rules/site-fit/QF-SIT-001-site-topic-alignment.yaml,B,新規記事向けに再設計,基本思想を維持しつつ新規記事ワークフロー・Contractへ再設計
quality/rules/site-fit/QF-SIT-002-existing-content-compatibility.yaml,B,新規記事向けに再設計,基本思想を維持しつつ新規記事ワークフロー・Contractへ再設計
quality/rules/site-fit/QF-SIT-003-platform-format-compliance.yaml,B,新規記事向けに再設計,基本思想を維持しつつ新規記事ワークフロー・Contractへ再設計
quality/rules/structure/QF-STR-001-valid-heading-hierarchy.yaml,A,複製後に名称・参照のみ調整,新規記事にも直接適用できる汎用品質・事実性・記事構造資産
quality/rules/structure/QF-STR-002-one-section-one-purpose.yaml,A,複製後に名称・参照のみ調整,新規記事にも直接適用できる汎用品質・事実性・記事構造資産
quality/rules/structure/QF-STR-003-logical-information-order.yaml,A,複製後に名称・参照のみ調整,新規記事にも直接適用できる汎用品質・事実性・記事構造資産
quality/scoring/scoring-model.md,B,新規記事向けに再設計,基本思想を維持しつつ新規記事ワークフロー・Contractへ再設計
quality/scoring/severity-policy.md,A,複製後に名称・参照のみ調整,新規記事にも直接適用できる汎用品質・事実性・記事構造資産
runtime/__init__.py,B,新規記事向けに再設計,基本思想を維持しつつ新規記事ワークフロー・Contractへ再設計
runtime/adapters/model-adapter-architecture.md,C,思想のみ参照し新規作成,運用思想・検証方法を参考にし、新製品専用として新規作成
runtime/adapters/provider-configuration.md,B,新規記事向けに再設計,基本思想を維持しつつ新規記事ワークフロー・Contractへ再設計
runtime/article-evaluation-workflow.md,D,不使用・持ち込まない,SIMS Writerの既存記事改善・GSC診断・保護制御に固有のため不使用
runtime/change-budget-controller.md,D,不使用・持ち込まない,SIMS Writerの既存記事改善・GSC診断・保護制御に固有のため不使用
runtime/consistency-audit.md,B,新規記事向けに再設計,基本思想を維持しつつ新規記事ワークフロー・Contractへ再設計
runtime/consistency-check-rules.md,B,新規記事向けに再設計,基本思想を維持しつつ新規記事ワークフロー・Contractへ再設計
runtime/consistency-to-change-map.md,B,新規記事向けに再設計,基本思想を維持しつつ新規記事ワークフロー・Contractへ再設計
runtime/context/context-builder-v1.0.md,B,新規記事向けに再設計,基本思想を維持しつつ新規記事ワークフロー・Contractへ再設計
runtime/context/runtime-context-policy.md,B,新規記事向けに再設計,基本思想を維持しつつ新規記事ワークフロー・Contractへ再設計
runtime/contract-validation.md,B,新規記事向けに再設計,基本思想を維持しつつ新規記事ワークフロー・Contractへ再設計
runtime/coverage-audit.md,B,新規記事向けに再設計,基本思想を維持しつつ新規記事ワークフロー・Contractへ再設計
runtime/defect-classification.md,B,新規記事向けに再設計,基本思想を維持しつつ新規記事ワークフロー・Contractへ再設計
runtime/diagnosis-decision-table.md,D,不使用・持ち込まない,SIMS Writerの既存記事改善・GSC診断・保護制御に固有のため不使用
runtime/diagnosis-to-improvement-map.md,D,不使用・持ち込まない,SIMS Writerの既存記事改善・GSC診断・保護制御に固有のため不使用
runtime/evidence-audit.md,A,複製後に名称・参照のみ調整,新規記事にも直接適用できる汎用品質・事実性・記事構造資産
runtime/feedback-loop.md,C,思想のみ参照し新規作成,運用思想・検証方法を参考にし、新製品専用として新規作成
runtime/gate-decision-matrix.md,B,新規記事向けに再設計,基本思想を維持しつつ新規記事ワークフロー・Contractへ再設計
runtime/gate-rules.md,B,新規記事向けに再設計,基本思想を維持しつつ新規記事ワークフロー・Contractへ再設計
runtime/improvement-strategy-engine.md,D,不使用・持ち込まない,SIMS Writerの既存記事改善・GSC診断・保護制御に固有のため不使用
runtime/manifests/runtime-manifest.example.json,B,新規記事向けに再設計,基本思想を維持しつつ新規記事ワークフロー・Contractへ再設計
runtime/orchestration/orchestrator-specification.md,B,新規記事向けに再設計,基本思想を維持しつつ新規記事ワークフロー・Contractへ再設計
runtime/orchestration/stage-state-model.json,B,新規記事向けに再設計,基本思想を維持しつつ新規記事ワークフロー・Contractへ再設計
runtime/overview/runtime-core-v1.0.md,B,新規記事向けに再設計,基本思想を維持しつつ新規記事ワークフロー・Contractへ再設計
runtime/overview/runtime-prompt-v0.2.0.md,B,新規記事向けに再設計,基本思想を維持しつつ新規記事ワークフロー・Contractへ再設計
runtime/pipeline/01-intake.md,B,新規記事向けに再設計,基本思想を維持しつつ新規記事ワークフロー・Contractへ再設計
runtime/pipeline/02-normalization.md,B,新規記事向けに再設計,基本思想を維持しつつ新規記事ワークフロー・Contractへ再設計
runtime/pipeline/03-source_acquisition.md,B,新規記事向けに再設計,基本思想を維持しつつ新規記事ワークフロー・Contractへ再設計
runtime/pipeline/04-knowledge_assembly.md,B,新規記事向けに再設計,基本思想を維持しつつ新規記事ワークフロー・Contractへ再設計
runtime/pipeline/05-content_planning.md,B,新規記事向けに再設計,基本思想を維持しつつ新規記事ワークフロー・Contractへ再設計
runtime/pipeline/06-decision_evaluation.md,B,新規記事向けに再設計,基本思想を維持しつつ新規記事ワークフロー・Contractへ再設計
runtime/pipeline/07-pattern_selection.md,B,新規記事向けに再設計,基本思想を維持しつつ新規記事ワークフロー・Contractへ再設計
runtime/pipeline/08-content_production.md,B,新規記事向けに再設計,基本思想を維持しつつ新規記事ワークフロー・Contractへ再設計
runtime/pipeline/09-quality_validation.md,B,新規記事向けに再設計,基本思想を維持しつつ新規記事ワークフロー・Contractへ再設計
runtime/pipeline/10-refinement.md,B,新規記事向けに再設計,基本思想を維持しつつ新規記事ワークフロー・Contractへ再設計
runtime/pipeline/11-publication_packaging.md,A,複製後に名称・参照のみ調整,新規記事にも直接適用できる汎用品質・事実性・記事構造資産
runtime/policies/asset-version-lock-policy.md,B,新規記事向けに再設計,基本思想を維持しつつ新規記事ワークフロー・Contractへ再設計
runtime/policies/manual-review-policy.md,B,新規記事向けに再設計,基本思想を維持しつつ新規記事ワークフロー・Contractへ再設計
runtime/policies/retry-policy.md,B,新規記事向けに再設計,基本思想を維持しつつ新規記事ワークフロー・Contractへ再設計
runtime/presentation-v2.2.md,C,思想のみ参照し新規作成,運用思想・検証方法を参考にし、新製品専用として新規作成
runtime/preservation-score.md,D,不使用・持ち込まない,SIMS Writerの既存記事改善・GSC診断・保護制御に固有のため不使用
runtime/quality-gate.md,B,新規記事向けに再設計,基本思想を維持しつつ新規記事ワークフロー・Contractへ再設計
runtime/quality-report.md,B,新規記事向けに再設計,基本思想を維持しつつ新規記事ワークフロー・Contractへ再設計
runtime/refinement/targeted-refinement-v1.0.md,B,新規記事向けに再設計,基本思想を維持しつつ新規記事ワークフロー・Contractへ再設計
runtime/regression-test-procedure.md,C,思想のみ参照し新規作成,運用思想・検証方法を参考にし、新製品専用として新規作成
runtime/rewrite-level-and-scope.md,D,不使用・持ち込まない,SIMS Writerの既存記事改善・GSC診断・保護制御に固有のため不使用
runtime/risk-assessment.md,B,新規記事向けに再設計,基本思想を維持しつつ新規記事ワークフロー・Contractへ再設計
runtime/runtime-health.md,B,新規記事向けに再設計,基本思想を維持しつつ新規記事ワークフロー・Contractへ再設計
runtime/search-diagnosis.md,D,不使用・持ち込まない,SIMS Writerの既存記事改善・GSC診断・保護制御に固有のため不使用
runtime/semantic-validator.md,B,新規記事向けに再設計,基本思想を維持しつつ新規記事ワークフロー・Contractへ再設計
runtime/sims_writer_runtime/__init__.py,B,新規記事向けに再設計,基本思想を維持しつつ新規記事ワークフロー・Contractへ再設計
runtime/sims_writer_runtime/adapters/__init__.py,B,新規記事向けに再設計,基本思想を維持しつつ新規記事ワークフロー・Contractへ再設計
runtime/sims_writer_runtime/adapters/context_builder.py,B,新規記事向けに再設計,基本思想を維持しつつ新規記事ワークフロー・Contractへ再設計
runtime/sims_writer_runtime/adapters/fixture_model.py,B,新規記事向けに再設計,基本思想を維持しつつ新規記事ワークフロー・Contractへ再設計
runtime/sims_writer_runtime/adapters/input_adapters.py,B,新規記事向けに再設計,基本思想を維持しつつ新規記事ワークフロー・Contractへ再設計
runtime/sims_writer_runtime/adapters/manual_model.py,B,新規記事向けに再設計,基本思想を維持しつつ新規記事ワークフロー・Contractへ再設計
runtime/sims_writer_runtime/adapters/model_protocol.py,B,新規記事向けに再設計,基本思想を維持しつつ新規記事ワークフロー・Contractへ再設計
runtime/sims_writer_runtime/adapters/output_parser.py,B,新規記事向けに再設計,基本思想を維持しつつ新規記事ワークフロー・Contractへ再設計
runtime/sims_writer_runtime/adapters/provider_transports.py,B,新規記事向けに再設計,基本思想を維持しつつ新規記事ワークフロー・Contractへ再設計
runtime/sims_writer_runtime/adapters/structured_model.py,A,複製後に名称・参照のみ調整,新規記事にも直接適用できる汎用品質・事実性・記事構造資産
runtime/sims_writer_runtime/asset_loader.py,B,新規記事向けに再設計,基本思想を維持しつつ新規記事ワークフロー・Contractへ再設計
runtime/sims_writer_runtime/cli.py,B,新規記事向けに再設計,基本思想を維持しつつ新規記事ワークフロー・Contractへ再設計
runtime/sims_writer_runtime/hotfix_validation.py,B,新規記事向けに再設計,基本思想を維持しつつ新規記事ワークフロー・Contractへ再設計
runtime/sims_writer_runtime/models.py,B,新規記事向けに再設計,基本思想を維持しつつ新規記事ワークフロー・Contractへ再設計
runtime/sims_writer_runtime/orchestrator.py,B,新規記事向けに再設計,基本思想を維持しつつ新規記事ワークフロー・Contractへ再設計
runtime/sims_writer_runtime/output_contract.py,B,新規記事向けに再設計,基本思想を維持しつつ新規記事ワークフロー・Contractへ再設計
runtime/sims_writer_runtime/publish_quality.py,B,新規記事向けに再設計,基本思想を維持しつつ新規記事ワークフロー・Contractへ再設計
runtime/sims_writer_runtime/quality/__init__.py,B,新規記事向けに再設計,基本思想を維持しつつ新規記事ワークフロー・Contractへ再設計
runtime/sims_writer_runtime/quality/engine.py,B,新規記事向けに再設計,基本思想を維持しつつ新規記事ワークフロー・Contractへ再設計
runtime/sims_writer_runtime/quality/foundation.py,B,新規記事向けに再設計,基本思想を維持しつつ新規記事ワークフロー・Contractへ再設計
runtime/sims_writer_runtime/refinement/__init__.py,B,新規記事向けに再設計,基本思想を維持しつつ新規記事ワークフロー・Contractへ再設計
runtime/sims_writer_runtime/refinement/engine.py,B,新規記事向けに再設計,基本思想を維持しつつ新規記事ワークフロー・Contractへ再設計
runtime/sims_writer_runtime/refinement/router.py,B,新規記事向けに再設計,基本思想を維持しつつ新規記事ワークフロー・Contractへ再設計
runtime/sims_writer_runtime/vertical_slices/__init__.py,B,新規記事向けに再設計,基本思想を維持しつつ新規記事ワークフロー・Contractへ再設計
runtime/sims_writer_runtime/vertical_slices/ctr_improvement.py,D,不使用・持ち込まない,SIMS Writerの既存記事改善・GSC診断・保護制御に固有のため不使用
runtime/validators/quality-validation-runtime.md,B,新規記事向けに再設計,基本思想を維持しつつ新規記事ワークフロー・Contractへ再設計
runtime/vertical-slices/ctr-improvement-v1.0.md,D,不使用・持ち込まない,SIMS Writerの既存記事改善・GSC診断・保護制御に固有のため不使用
schemas/SIMS_FEEDBACK_V2.schema.json,B,新規記事向けに再設計,基本思想を維持しつつ新規記事ワークフロー・Contractへ再設計
schemas/common/common.schema.json,B,新規記事向けに再設計,基本思想を維持しつつ新規記事ワークフロー・Contractへ再設計
templates/adr-template.md,B,新規記事向けに再設計,基本思想を維持しつつ新規記事ワークフロー・Contractへ再設計
templates/article-evaluation-template.md,D,不使用・持ち込まない,SIMS Writerの既存記事改善・GSC診断・保護制御に固有のため不使用
templates/article-test-input-template.md,C,思想のみ参照し新規作成,運用思想・検証方法を参考にし、新製品専用として新規作成
templates/change-request-template.md,B,新規記事向けに再設計,基本思想を維持しつつ新規記事ワークフロー・Contractへ再設計
templates/contract-template.md,B,新規記事向けに再設計,基本思想を維持しつつ新規記事ワークフロー・Contractへ再設計
templates/decision-definition-template.yaml,B,新規記事向けに再設計,基本思想を維持しつつ新規記事ワークフロー・Contractへ再設計
templates/defect-report-template.md,B,新規記事向けに再設計,基本思想を維持しつつ新規記事ワークフロー・Contractへ再設計
templates/golden-example-template.md,C,思想のみ参照し新規作成,運用思想・検証方法を参考にし、新製品専用として新規作成
templates/knowledge-item-template.md,B,新規記事向けに再設計,基本思想を維持しつつ新規記事ワークフロー・Contractへ再設計
templates/pattern-definition-template.yaml,B,新規記事向けに再設計,基本思想を維持しつつ新規記事ワークフロー・Contractへ再設計
templates/pattern-template.md,B,新規記事向けに再設計,基本思想を維持しつつ新規記事ワークフロー・Contractへ再設計
templates/presentation-template-v0.2.0.md,C,思想のみ参照し新規作成,運用思想・検証方法を参考にし、新製品専用として新規作成
templates/quality-rule-template.yaml,B,新規記事向けに再設計,基本思想を維持しつつ新規記事ワークフロー・Contractへ再設計
templates/runtime-stage-template.md,B,新規記事向けに再設計,基本思想を維持しつつ新規記事ワークフロー・Contractへ再設計
templates/ten-article-summary-template.md,B,新規記事向けに再設計,基本思想を維持しつつ新規記事ワークフロー・Contractへ再設計
tests/REAL_ARTICLE_REGRESSION_BASELINE_v1.0.0.md,C,思想のみ参照し新規作成,運用思想・検証方法を参考にし、新製品専用として新規作成
tests/consistency-regression-manifest.md,C,思想のみ参照し新規作成,運用思想・検証方法を参考にし、新製品専用として新規作成
tests/contract-regression-manifest.md,C,思想のみ参照し新規作成,運用思想・検証方法を参考にし、新製品専用として新規作成
tests/contracts/README.md,C,思想のみ参照し新規作成,運用思想・検証方法を参考にし、新製品専用として新規作成
tests/contracts/test_contract_examples.py,C,思想のみ参照し新規作成,運用思想・検証方法を参考にし、新製品専用として新規作成
tests/decisions/test_decision_assets.py,C,思想のみ参照し新規作成,運用思想・検証方法を参考にし、新製品専用として新規作成
tests/decisions/test_decision_contracts.py,C,思想のみ参照し新規作成,運用思想・検証方法を参考にし、新製品専用として新規作成
tests/golden/README.md,C,思想のみ参照し新規作成,運用思想・検証方法を参考にし、新製品専用として新規作成
tests/golden/cases/gc-amb-008-ambiguous-intent.json,C,思想のみ参照し新規作成,運用思想・検証方法を参考にし、新製品専用として新規作成
tests/golden/cases/gc-cmp-006-comparison.json,C,思想のみ参照し新規作成,運用思想・検証方法を参考にし、新製品専用として新規作成
tests/golden/cases/gc-cst-007-cost-claim.json,C,思想のみ参照し新規作成,運用思想・検証方法を参考にし、新製品専用として新規作成
tests/golden/cases/gc-ctr-003-low-ctr-title.json,D,不使用・持ち込まない,SIMS Writerの既存記事改善・GSC診断・保護制御に固有のため不使用
tests/golden/cases/gc-faq-009-faq-not-needed.json,C,思想のみ参照し新規作成,運用思想・検証方法を参考にし、新製品専用として新規作成
tests/golden/cases/gc-hrk-011-high-risk-claim.json,C,思想のみ参照し新規作成,運用思想・検証方法を参考にし、新製品専用として新規作成
tests/golden/cases/gc-imp-002-existing-improvement.json,D,不使用・持ち込まない,SIMS Writerの既存記事改善・GSC診断・保護制御に固有のため不使用
tests/golden/cases/gc-inp-010-input-incomplete.json,C,思想のみ参照し新規作成,運用思想・検証方法を参考にし、新製品専用として新規作成
tests/golden/cases/gc-new-001-new-how-to.json,C,思想のみ参照し新規作成,運用思想・検証方法を参考にし、新製品専用として新規作成
tests/golden/cases/gc-rec-012-placeholder-recovery.json,C,思想のみ参照し新規作成,運用思想・検証方法を参考にし、新製品専用として新規作成
tests/golden/cases/gc-trb-005-troubleshooting-safe.json,C,思想のみ参照し新規作成,運用思想・検証方法を参考にし、新製品専用として新規作成
tests/golden/cases/gc-upd-004-outdated-content.json,C,思想のみ参照し新規作成,運用思想・検証方法を参考にし、新製品専用として新規作成
tests/golden/manifest.json,C,思想のみ参照し新規作成,運用思想・検証方法を参考にし、新製品専用として新規作成
tests/golden/reports/latest-report.json,C,思想のみ参照し新規作成,運用思想・検証方法を参考にし、新製品専用として新規作成
tests/golden/test_golden_uat.py,C,思想のみ参照し新規作成,運用思想・検証方法を参考にし、新製品専用として新規作成
tests/golden/uat-strategy-v1.0.md,C,思想のみ参照し新規作成,運用思想・検証方法を参考にし、新製品専用として新規作成
tests/improvement-strategy-regression-manifest.md,D,不使用・持ち込まない,SIMS Writerの既存記事改善・GSC診断・保護制御に固有のため不使用
tests/knowledge/README.md,C,思想のみ参照し新規作成,運用思想・検証方法を参考にし、新製品専用として新規作成
tests/migration/test_sims_core_migration.py,C,思想のみ参照し新規作成,運用思想・検証方法を参考にし、新製品専用として新規作成
tests/model-adapters/test_model_adapters.py,C,思想のみ参照し新規作成,運用思想・検証方法を参考にし、新製品専用として新規作成
tests/quality-freeze/examples/invalid-budget-v2.json,C,思想のみ参照し新規作成,運用思想・検証方法を参考にし、新製品専用として新規作成
tests/quality-freeze/examples/valid-v2.json,C,思想のみ参照し新規作成,運用思想・検証方法を参考にし、新製品専用として新規作成
tests/quality-freeze/test_quality_freeze.py,C,思想のみ参照し新規作成,運用思想・検証方法を参考にし、新製品専用として新規作成
tests/quality-freeze-v0.2.0/test_quality_freeze_final.py,C,思想のみ参照し新規作成,運用思想・検証方法を参考にし、新製品専用として新規作成
tests/quality-gate-regression-manifest.md,C,思想のみ参照し新規作成,運用思想・検証方法を参考にし、新製品専用として新規作成
tests/quality-rules/README.md,C,思想のみ参照し新規作成,運用思想・検証方法を参考にし、新製品専用として新規作成
tests/quality-rules/test_quality_assets.py,C,思想のみ参照し新規作成,運用思想・検証方法を参考にし、新製品専用として新規作成
tests/rc-hotfix-v0.2.2/README.md,C,思想のみ参照し新規作成,運用思想・検証方法を参考にし、新製品専用として新規作成
tests/rc-hotfix-v0.2.2/real-article-regression-manifest.json,C,思想のみ参照し新規作成,運用思想・検証方法を参考にし、新製品専用として新規作成
tests/rc-hotfix-v0.2.2/test_rc_hotfix.py,C,思想のみ参照し新規作成,運用思想・検証方法を参考にし、新製品専用として新規作成
tests/refinement/test_targeted_refinement.py,C,思想のみ参照し新規作成,運用思想・検証方法を参考にし、新製品専用として新規作成
tests/regression-acceptance-criteria.md,C,思想のみ参照し新規作成,運用思想・検証方法を参考にし、新製品専用として新規作成
tests/release/test_claude_package_consistency.py,C,思想のみ参照し新規作成,運用思想・検証方法を参考にし、新製品専用として新規作成
tests/release-a/README.md,C,思想のみ参照し新規作成,運用思想・検証方法を参考にし、新製品専用として新規作成
tests/runtime/test_quality_foundation.py,C,思想のみ参照し新規作成,運用思想・検証方法を参考にし、新製品専用として新規作成
tests/runtime/test_quality_runtime.py,C,思想のみ参照し新規作成,運用思想・検証方法を参考にし、新製品専用として新規作成
tests/runtime/test_runtime_core.py,C,思想のみ参照し新規作成,運用思想・検証方法を参考にし、新製品専用として新規作成
tests/search-diagnosis-regression-manifest.md,D,不使用・持ち込まない,SIMS Writerの既存記事改善・GSC診断・保護制御に固有のため不使用
tests/validation-hotfix-v0.2.3/README.md,C,思想のみ参照し新規作成,運用思想・検証方法を参考にし、新製品専用として新規作成
tests/validation-hotfix-v0.2.3/test_validation_hotfix.py,C,思想のみ参照し新規作成,運用思想・検証方法を参考にし、新製品専用として新規作成
tests/vertical-slices/test_ctr_vertical_slice.py,D,不使用・持ち込まない,SIMS Writerの既存記事改善・GSC診断・保護制御に固有のため不使用
tests/vertical-slices/test_output_contract_rc2.py,C,思想のみ参照し新規作成,運用思想・検証方法を参考にし、新製品専用として新規作成
tests/vertical-slices/test_publish_quality_rc3.py,C,思想のみ参照し新規作成,運用思想・検証方法を参考にし、新製品専用として新規作成
tools/migration/validate_sims_core_migration.py,C,思想のみ参照し新規作成,運用思想・検証方法を参考にし、新製品専用として新規作成
tools/run_ctr_vertical_slice.py,D,不使用・持ち込まない,SIMS Writerの既存記事改善・GSC診断・保護制御に固有のため不使用
tools/swls_report.py,C,思想のみ参照し新規作成,運用思想・検証方法を参考にし、新製品専用として新規作成
tools/uat/__init__.py,C,思想のみ参照し新規作成,運用思想・検証方法を参考にし、新製品専用として新規作成
tools/uat/run_golden_uat.py,C,思想のみ参照し新規作成,運用思想・検証方法を参考にし、新製品専用として新規作成
tools/validators/README.md,C,思想のみ参照し新規作成,運用思想・検証方法を参考にし、新製品専用として新規作成
tools/validators/validate_contract.py,C,思想のみ参照し新規作成,運用思想・検証方法を参考にし、新製品専用として新規作成
tools/validators/validate_decisions.py,C,思想のみ参照し新規作成,運用思想・検証方法を参考にし、新製品専用として新規作成
tools/validators/validate_knowledge.py,C,思想のみ参照し新規作成,運用思想・検証方法を参考にし、新製品専用として新規作成
tools/validators/validate_model_adapters.py,C,思想のみ参照し新規作成,運用思想・検証方法を参考にし、新製品専用として新規作成
tools/validators/validate_patterns.py,C,思想のみ参照し新規作成,運用思想・検証方法を参考にし、新製品専用として新規作成
tools/validators/validate_quality_freeze.py,C,思想のみ参照し新規作成,運用思想・検証方法を参考にし、新製品専用として新規作成
tools/validators/validate_quality_rules.py,C,思想のみ参照し新規作成,運用思想・検証方法を参考にし、新製品専用として新規作成
tools/validators/validate_quality_runtime.py,C,思想のみ参照し新規作成,運用思想・検証方法を参考にし、新製品専用として新規作成
tools/validators/validate_runtime.py,C,思想のみ参照し新規作成,運用思想・検証方法を参考にし、新製品専用として新規作成
validation/QUALITY_GATE.md,B,新規記事向けに再設計,基本思想を維持しつつ新規記事ワークフロー・Contractへ再設計
validation/RC_HOTFIX_VALIDATION_v2.2.md,C,思想のみ参照し新規作成,内容を個別確認し、必要な考え方のみ新製品へ反映
validation/VALIDATION_HOTFIX_v0.2.3.md,C,思想のみ参照し新規作成,内容を個別確認し、必要な考え方のみ新製品へ反映
validation/VALIDATION_LAYER.md,C,思想のみ参照し新規作成,内容を個別確認し、必要な考え方のみ新製品へ反映
validation/VALIDATION_RULES.md,C,思想のみ参照し新規作成,内容を個別確認し、必要な考え方のみ新製品へ反映
